,Data,Risco de Crédito,Emissor,Série,Emissão,Código,Vencimento,Índice / Correção,Taxa Compra,Taxa Venda,Taxa Indicativa,Desvio Padrão,PU,% PU Par,Duration,Referência NTNB,% Reune,Benchmark,taxa,duration_anos,Quantidade
210,2023-01-29,AGROPECUÁRIA CRESTANI LTDA.,TRUE SECURITIZADORA S/A,1ª,40ª,CRA02200ASX,2026-01-15,"IPCA + 9,0551%",9.6249,8.6246,9.1248,0.17,1040.85705223,99.91,351.68,15/05/2025,,IPCA +,9.0551,2,1
209,2023-01-29,FS INDÚSTRIA DE COMBUSTÍVEIS LTDA.,ECO SECURITIZADORA DE DIREITOS CREDITÓRIOS DO AGRONEGÓCIO S.A.,2ª,243ª,CRA02300796,2029-01-15,"IPCA + 8,9555%",8.6459,8.2194,8.4467,0.08,1040.09696745,102.18,1164.99,15/08/2028,,IPCA +,8.9555,5,1
208,2023-01-29,FS INDÚSTRIA DE BIOCOMBUSTÍVEIS LTDA.,ECO SECURITIZADORA DE DIREITOS CREDITÓRIOS DO AGRONEGÓCIO S.A.,2ª,264ª,CRA02300CCI,2029-01-17,"IPCA + 8,9%",8.6694,8.2329,8.4692,0.1,1031.54190162,101.89,1192.12,15/08/2028,,IPCA +,8.9,5,1
206,2023-01-29,ADUBOS ARAGUAIA INDÚSTRIA E COMÉRCIO LTDA.,ECO SECURITIZADORA DE DIREITOS CREDITÓRIOS DO AGRONEGÓCIO S.A.,1ª,175ª,CRA02200795,2027-01-15,"IPCA + 8,1191%",8.7908,8.0974,8.5112,0.09,1066.11996779,99.01,689.26,15/08/2026,,IPCA +,8.1191,3,1
205,2023-01-29,ÂNIMA HOLDING S.A.,VIRGO COMPANHIA DE SECURITIZACAO,2ª,76ª,22L1469805,2029-01-17,"IPCA + 8,0481%",8.5787,7.5458,7.9646,0.03,1049.40365001,100.37,1215.14,15/08/2028,,IPCA +,8.0481,5,1
204,2023-01-29,LAR COOPERATIVA AGROINDUSTRIAL,ECO SECURITIZADORA DE DIREITOS CREDITÓRIOS DO AGRONEGÓCIO S.A.,1ª,120ª,CRA021004NV,2026-01-15,"IPCA + 7,8749%",8.2928,7.6509,7.9855,0.18,1113.25278826,99.8,462.76,15/05/2025,,IPCA +,7.8749,2,1
203,2023-01-29,FS AGRISOLUTIONS INDÚSTRIA DE BIOCOMBUSTÍVEIS LTDA.,ECO SECURITIZADORA DE DIREITOS CREDITÓRIOS DO AGRONEGÓCIO S.A.,2ª,167ª,CRA022004SD,2029-01-15,"IPCA + 7,3913%",8.6422,8.0904,8.3856,0.19,1021.64319256,96.52,966.14,15/08/2028,,IPCA +,7.3913,4,1
202,2023-01-29,FS AGRISOLUTIONS INDÚSTRIA DE BIOCOMBUSTÍVEIS LTDA.,ECO SECURITIZADORA DE DIREITOS CREDITÓRIOS DO AGRONEGÓCIO S.A.,2ª,140ª,CRA022001E2,2029-01-15,"IPCA + 7,3913%",8.3165,7.7322,8.059,0.29,1072.56266936,97.79,905.97,15/05/2027,,IPCA +,7.3913,4,1
201,2023-01-29,MARFRIG GLOBAL FOODS S.A.,ECO SECURITIZADORA DE DIREITOS CREDITÓRIOS DO AGRONEGÓCIO S.A.,2ª,219ª,CRA02200C6Z,2032-01-15,"IPCA + 7,3352%",7.4611,7.0065,7.2725,0.03,1054.87809558,100.36,1530.83,15/08/2030,,IPCA +,7.3352,7,1
200,2023-01-29,TANAC S.A.,ECO SECURITIZADORA DE DIREITOS CREDITÓRIOS DO AGRONEGÓCIO S.A.,1ª,116ª,CRA021002ST,2027-01-15,"IPCA + 7,3023%",8.0498,7.6173,7.8705,0.13,898.97405494,99.04,458.42,15/05/2025,,IPCA +,7.3023,2,1
199,2023-01-29,PLUMA AGRO AVÍCOLA LTDA.,VIRGO COMPANHIA DE SECURITIZACAO,1ª,57ª,CRA021002Y8,2026-01-15,"IPCA + 7,2671%",9.6655,9.1031,9.1441,0.27,1101.26295592,97.01,440.02,15/05/2025,,IPCA +,7.2671,2,1
198,2023-01-29,MINERVA S.A.,VIRGO COMPANHIA DE SECURITIZACAO,1ª,125ª,CRA0220073P,2029-01-16,"IPCA + 7,2063%",7.2874,6.9306,7.2071,0.17,1070.13656526,100.0,1160.59,15/08/2028,,IPCA +,7.2063,5,1
197,2023-01-29,CARAMURU ALIMENTOS S.A.,ECO SECURITIZADORA DE DIREITOS CREDITÓRIOS DO AGRONEGÓCIO S.A.,1ª,172ª,CRA022006BU,2029-01-16,"IPCA + 7,2043%",8.2786,7.7214,7.9991,0.17,1026.68230761,97.71,788.41,15/05/2027,,IPCA +,7.2043,4,1
196,2023-01-29,AÇO VERDE DO BRASIL S.A.,VIRGO COMPANHIA DE SECURITIZACAO,1ª,120ª,CRA022006HE,2029-01-15,"IPCA + 7,1543%",7.8164,7.1142,7.4514,0.12,1067.55082479,98.95,960.75,15/08/2028,40%,IPCA +,7.1543,4,1
195,2023-01-29,BCBF PARTICIPAÇÕES S.A.,VIRGO COMPANHIA DE SECURITIZACAO,2ª,62ª,22K0934880,2029-01-17,"IPCA + 7,0913%",7.4151,6.9779,7.0899,0.12,1075.79462045,100.01,1227.02,15/08/2030,,IPCA +,7.0913,5,1
194,2023-01-29,MARFRIG GLOBAL FOODS S.A.,ECO SECURITIZADORA DE DIREITOS CREDITÓRIOS DO AGRONEGÓCIO S.A.,1ª,219ª,CRA02200C6Y,2029-01-15,"IPCA + 7,0383%",7.3875,6.9701,7.1216,0.12,1046.81815904,99.62,1228.02,15/08/2030,,IPCA +,7.0383,5,1
193,2023-01-29,AÇUCAREIRA QUATÁ S.A.,TRUE SECURITIZADORA S/A,1ª,16ª,CRA021002N3,2026-01-15,"IPCA + 6,9849%",7.8975,7.3615,7.6325,0.2,1106.17905441,98.42,664.54,15/08/2026,,IPCA +,6.9849,3,1
191,2023-01-29,"VAMOS LOCAÇÃO DE CAMINHÕES, MÁQUINAS E EQUIPAMENTOS S.A. ",ECO SECURITIZADORA DE DIREITOS CREDITÓRIOS DO AGRONEGÓCIO S.A.,2ª,93ª,CRA022004S9,2037-01-15,"IPCA + 6,9739%",7.9102,7.3273,7.6765,0.09,996.51676631,94.61,2116.69,15/05/2035,,IPCA +,6.9739,9,1
190,2023-01-29,NATURA COSMÉTICOS S.A.,VIRGO COMPANHIA DE SECURITIZACAO,3ª,54ª,22I0970868,2032-01-15,"IPCA + 6,9%",7.0029,6.5748,6.8674,0.16,1071.19232999,100.19,1531.23,15/08/2030,35%,IPCA +,6.9,7,1
189,2023-01-29,BRF S.A.,VERT COMPANHIA SECURITIZADORA,2ª,78ª,CRA0220079D,2032-01-15,"IPCA + 6,8344%",7.7748,7.371,7.5367,0.07,1042.32745415,96.21,1479.57,15/08/2030,,IPCA +,6.8344,6,1
188,2023-01-29,NATURA COSMÉTICOS S.A.,VIRGO COMPANHIA DE SECURITIZACAO,2ª,54ª,22I0970804,2029-01-17,"IPCA + 6,8%",6.789,6.3754,6.6777,0.06,1074.94162219,100.55,1217.25,15/08/2030,35%,IPCA +,6.8,5,1
187,2023-01-29,KLABIN S.A.,VERT COMPANHIA SECURITIZADORA,1ª,77ª,CRA022007EP,2034-01-15,"IPCA + 6,7694%",6.4381,6.1743,6.2539,0.07,1083.79496991,103.79,1945.81,15/05/2033,45%,IPCA +,6.7694,8,1
186,2023-01-29,REDE D'OR SÃO LUIZ S.A.,OPEA SECURITIZADORA S/A,3ª,50ª,22G1136492,2037-01-15,"IPCA + 6,7692%",7.6179,7.1481,7.3688,0.03,1019.54422918,95.16,2215.7,15/05/2035,,IPCA +,6.7692,9,1
184,2023-01-29,RAÍZEN ENERGIA S.A.,TRUE SECURITIZADORA S/A,2ª,38ª,CRA022008ND,2037-01-17,"IPCA + 6,7382%",6.6328,6.1982,6.4013,0.04,1103.78083456,102.81,2218.17,15/05/2035,,IPCA +,6.7382,9,1
183,2023-01-29,ONCOCLÍNICAS DO BRASIL SERVIÇOS MÉDICOS S.A.,TRUE SECURITIZADORA S/A,2ª,54ª,22E1338402,2029-01-15,"IPCA + 6,704%",7.6333,6.9877,7.2993,0.19,1043.41090088,97.4,1193.36,15/08/2028,,IPCA +,6.704,5,1
182,2023-01-29,SENDAS DISTRIBUIDORA S.A.,TRUE SECURITIZADORA S/A,3ª,72ª,22G1414303,2029-01-17,"IPCA + 6,7%",7.2983,6.8515,7.0424,0.11,1052.40868849,98.57,1128.5,15/08/2028,5%,IPCA +,6.7,5,1
179,2023-01-29,MARFRIG GLOBAL FOODS S.A.,ECO SECURITIZADORA DE DIREITOS CREDITÓRIOS DO AGRONEGÓCIO S.A.,3ª,153ª,CRA022000XF,2032-01-15,"IPCA + 6,663%",7.4248,6.9283,7.1874,0.16,1091.08427423,97.28,1415.6,15/08/2030,,IPCA +,6.663,6,1
178,2023-01-29,JBS S.A.,VIRGO COMPANHIA DE SECURITIZACAO,3ª,122ª,CRA022008N7,2037-01-15,"IPCA + 6,6614%",7.3909,7.0136,7.2265,0.1,1020.49468486,95.53,2169.33,15/05/2035,,IPCA +,6.6614,9,1
177,2023-01-29,JBS S.A.,VIRGO COMPANHIA DE SECURITIZACAO,3ª,176ª,CRA02300JG3,2030-01-16,"IPCA + 6,6441%",7.2108,6.6983,6.9478,0.15,997.94481183,98.44,1390.35,15/08/2030,,IPCA +,6.6441,6,1
176,2023-01-29,COCAL COMÉRCIO INDÚSTRIA CANAÃ AÇÚCAR E ÁLCOOL LTDA.,VIRGO COMPANHIA DE SECURITIZACAO,1ª,114ª,CRA022007KI,2030-01-15,"IPCA + 6,6234%",7.9537,7.4549,7.6578,0.19,1014.7245362,95.54,1188.2,15/08/2028,,IPCA +,6.6234,5,1
173,2023-01-29,MRV ENGENHARIA E PARTICIPAÇÕES S.A.,VIRGO COMPANHIA DE SECURITIZACAO,442ª,4ª,22B0006022,2029-01-15,"IPCA + 6,5954%",7.9754,7.5766,7.7316,0.09,1062.31605972,95.81,1015.26,15/08/2028,,IPCA +,6.5954,5,1
172,2023-01-29,RAÍZEN ENERGIA S.A.,TRUE SECURITIZADORA S/A,1ª,38ª,CRA022008NB,2032-01-16,"IPCA + 6,5885%",6.4848,6.1142,6.341,0.09,1088.63944152,101.44,1553.83,15/08/2030,,IPCA +,6.5885,7,1
171,2023-01-29,REDE D'OR SÃO LUIZ S.A.,OPEA SECURITIZADORA S/A,3ª,176ª,23H0027404,2033-01-15,"IPCA + 6,55%",7.0728,6.6046,6.8412,0.12,1006.06614956,98.2,1673.95,15/08/2032,,IPCA +,6.55,7,1
170,2023-01-29,"VAMOS LOCAÇÃO DE CAMINHÕES, MÁQUINAS E EQUIPAMENTOS S.A. ",ECO SECURITIZADORA DE DIREITOS CREDITÓRIOS DO AGRONEGÓCIO S.A.,1ª,93ª,CRA022004MS,2032-01-17,"IPCA + 6,5473%",7.3471,6.8146,7.0728,0.07,1022.5890078,97.1,1503.67,15/08/2030,,IPCA +,6.5473,6,1
169,2023-01-29,REDE D'OR SÃO LUIZ S.A.,OPEA SECURITIZADORA S/A,2ª,50ª,22G1136327,2032-01-15,"IPCA + 6,5445%",7.773,7.3035,7.4769,0.07,1011.19557817,94.45,1641.13,15/08/2032,,IPCA +,6.5445,7,1
168,2023-01-29,BEM BRASIL ALIMENTOS S.A.,ECO SECURITIZADORA DE DIREITOS CREDITÓRIOS DO AGRONEGÓCIO S.A.,1ª,154ª,CRA022003JT,2029-01-15,"IPCA + 6,5348%",7.7718,7.4619,7.5944,0.15,1014.51605383,96.21,981.33,15/08/2028,,IPCA +,6.5348,4,1
167,2023-01-29,VALE DO TIJUCO AÇÚCAR E ÁLCOOL S.A.,ECO SECURITIZADORA DE DIREITOS CREDITÓRIOS DO AGRONEGÓCIO S.A.,1ª,128ª,CRA0220012X,2029-01-15,"IPCA + 6,5176%",8.0428,7.6455,7.7603,0.18,1067.34048236,95.51,995.52,15/08/2028,,IPCA +,6.5176,4,1
166,2023-01-29,DIRECIONAL ENGENHARIA S.A.,TRUE SECURITIZADORA S/A,1ª,2ª,22F0009804,2032-01-15,"IPCA + 6,4899%",7.2816,6.8751,7.0344,0.06,1043.3618718,97.04,1478.64,15/08/2030,,IPCA +,6.4899,6,1
165,2023-01-29,Tenda Atacado S.A.,VIRGO COMPANHIA DE SECURITIZACAO,306ª,4ª,21J0001208,2026-01-15,"IPCA + 6,4803%",9.7134,8.4988,8.7486,1.22,1095.98488201,96.35,442.44,15/05/2025,,IPCA +,6.4803,2,1
164,2023-01-29,MRV ENGENHARIA E PARTICIPAÇÕES S.A.,TRUE SECURITIZADORA S/A,1ª,32ª,22E1095384,2030-01-16,"IPCA + 6,4802%",8.0474,7.6111,7.7345,0.09,1000.31534687,94.5,1213.0,15/08/2028,,IPCA +,6.4802,5,1
163,2023-01-29,HYPERA S.A.,TRUE SECURITIZADORA S/A,3ª,59ª,22E1325264,2032-01-16,"IPCA + 6,4451%",7.077,6.592,6.7797,0.11,1046.59364976,98.11,1527.32,15/08/2030,,IPCA +,6.4451,7,1
162,2023-01-29,BANCO BTG PACTUAL S.A.,OPEA SECURITIZADORA S/A,3ª,92ª,CRA02300CYS,2033-01-15,"IPCA + 6,4338%",6.8382,6.3419,6.6083,0.05,1024.08502303,98.84,1798.84,15/05/2033,,IPCA +,6.4338,8,1
161,2023-01-29,PETRÓLEO BRASILEIRO S.A. - PETROBRAS,OPEA SECURITIZADORA S/A,3ª,67ª,22K0001204,2037-01-16,"IPCA + 6,4%",6.5858,6.0955,6.2632,0.05,1064.32504329,101.18,2309.51,15/05/2035,,IPCA +,6.4,10,1
160,2023-01-29,JBS S.A.,VIRGO COMPANHIA DE SECURITIZACAO,2ª,122ª,CRA022008N6,2032-01-15,"IPCA + 6,3919%",7.285,6.7983,7.0102,0.15,1030.32005081,96.49,1547.4,15/08/2030,,IPCA +,6.3919,7,1
159,2023-01-29,CSN CIMENTOS S.A.,VIRGO COMPANHIA DE SECURITIZACAO,417ª,4ª,22B0004808,2032-01-16,"IPCA + 6,3893%",7.5498,7.0842,7.3899,0.36,1047.63040222,94.76,1443.84,15/08/2030,,IPCA +,6.3893,6,1
158,2023-01-29,REDE D'OR SÃO LUIZ S.A.,OPEA SECURITIZADORA S/A,1ª,50ª,22G1136254,2029-01-16,"IPCA + 6,3828%",7.4178,6.9484,7.162,0.02,1033.93998664,96.63,1180.37,15/08/2028,,IPCA +,6.3828,5,1
157,2023-01-29,MATEUS SUPERMERCADOS S.A.,TRUE SECURITIZADORA S/A,1ª,3ª,22C1362141,2034-01-17,"IPCA + 6,3423%",7.8585,7.0867,7.3005,0.2,1002.17826577,95.99,1140.35,15/08/2028,35%,IPCA +,6.3423,5,1
156,2023-01-29,J. MACÊDO S.A.,ECO SECURITIZADORA DE DIREITOS CREDITÓRIOS DO AGRONEGÓCIO S.A.,1ª,111ª,CRA021002YF,2026-01-16,"IPCA + 6,3071%",9.1408,8.0509,8.7949,0.13,937.23867724,96.8,352.28,15/05/2025,,IPCA +,6.3071,2,1
155,2023-01-29,LOG COMMERCIAL PROPERTIES E PARTICIPAÇÕES S.A.,TRUE SECURITIZADORA S/A,510ª,1ª,22C0509641,2029-01-15,"IPCA + 6,3%",7.5014,6.6995,7.177,0.22,1061.48059409,96.96,945.07,15/08/2028,,IPCA +,6.3,4,1
154,2023-01-29,MARFRIG GLOBAL FOODS S.A.,ECO SECURITIZADORA DE DIREITOS CREDITÓRIOS DO AGRONEGÓCIO S.A.,2ª,153ª,CRA022000XE,2027-01-15,"IPCA + 6,2825%",7.3607,6.8746,7.1004,0.02,1096.1545563,97.86,711.52,15/08/2026,,IPCA +,6.2825,3,1
153,2023-01-29,HYPERA S.A.,TRUE SECURITIZADORA S/A,2ª,59ª,22E1325262,2029-01-15,"IPCA + 6,279%",6.7235,6.2718,6.4953,0.14,1055.89441069,99.03,1208.96,15/08/2028,,IPCA +,6.279,5,1
152,2023-01-29,RAÍZEN ENERGIA S.A.,TRUE SECURITIZADORA S/A,2ª,73ª,CRA02300JR6,2033-01-17,"IPCA + 6,2513%",6.6601,6.1756,6.4179,0.16,997.66787472,98.83,1883.11,15/05/2033,,IPCA +,6.2513,8,1
151,2023-01-29,PETRÓLEO BRASILEIRO S.A. -  PETROBRAS,OPEA SECURITIZADORA S/A,2ª,67ª,22K0001203,2032-01-16,"IPCA + 6,25%",6.4604,6.0809,6.2264,0.04,1053.47323499,100.16,1789.2,15/08/2032,,IPCA +,6.25,8,1
150,2023-01-29,REDE D'OR SÃO LUIZ S.A.,OPEA SECURITIZADORA S/A,2ª,176ª,23H0027403,2030-01-15,"IPCA + 6,2%",6.8914,6.5146,6.7293,0.02,996.05637485,97.31,1381.81,15/08/2030,,IPCA +,6.2,6,1
149,2023-01-29,PETRÓLEO BRASILEIRO S.A. - PETROBRAS,OPEA SECURITIZADORA S/A,1ª,67ª,22K0001201,2030-01-15,"IPCA + 6,2%",6.2407,5.8959,6.0592,0.03,1120.90251762,100.68,1296.78,15/08/2030,,IPCA +,6.2,6,1
148,2023-01-29,JBS S.A.,VIRGO COMPANHIA DE SECURITIZACAO,2ª,59ª,CRA0210039L,2036-01-15,"IPCA + 6,1977%",7.4669,7.0345,7.3107,0.14,1041.85046814,91.67,2078.28,15/05/2035,,IPCA +,6.1977,9,1
147,2023-01-29,ATACADÃO S.A.,VERT COMPANHIA SECURITIZADORA,3ª,76ª,CRA022008SZ,2027-01-16,"IPCA + 6,1667%",6.9611,6.5895,6.723,0.17,1052.56743153,98.28,835.19,15/05/2027,,IPCA +,6.1667,4,1
146,2023-01-29,FIBRIA CELULOSE S.A.,ECO SECURITIZADORA DE DIREITOS CREDITÓRIOS DO AGRONEGÓCIO S.A.,94ª,1ª,CRA01600029,2023-01-15,"IPCA + 6,1346%",7.8441,7.3278,7.6015,0.15,1491.58168556,99.93,12.0,15/08/2024,,IPCA +,6.1346,1,1
145,2023-01-29,CYRELA BRAZIL REALTY S.A.,OPEA SECURITIZADORA S/A,491ª,1ª,22D1289011,2029-01-15,"IPCA + 6,128%",6.9935,6.5505,6.7315,0.09,1064.66583918,97.6,1077.61,15/08/2028,,IPCA +,6.128,5,1
144,2023-01-29,REDE D'OR SÃO LUIZ S.A.,OPEA SECURITIZADORA S/A,397ª,1ª,21K0001807,2036-01-15,"IPCA + 6,1017%",7.1656,6.7318,7.0169,0.07,1061.88434641,93.04,2097.75,15/05/2035,,IPCA +,6.1017,9,1
143,2023-01-29,JBS S.A.,VIRGO COMPANHIA DE SECURITIZACAO,3ª,98ª,CRA022002XN,2037-01-15,"IPCA + 6,0953%",7.5658,7.0362,7.3355,0.08,963.23280172,90.37,2167.51,15/05/2035,,IPCA +,6.0953,9,1
142,2023-01-29,REDE D'OR SÃO LUIZ S.A.,OPEA SECURITIZADORA S/A,184ª,1ª,18G0687521,2025-01-15,"IPCA + 6,0563%",7.0288,6.4865,6.752,0.07,1348.86392787,99.0,386.62,15/05/2025,,IPCA +,6.0563,2,1
141,2023-01-29,NORSA REFRIGERANTES S.A.,VIRGO COMPANHIA DE SECURITIZACAO,3ª,95ª,CRA022002Y3,2032-01-15,"IPCA + 6,0392%",7.1713,6.3724,6.5289,0.05,1047.75665808,97.31,1486.78,15/08/2030,,IPCA +,6.0392,6,1
140,2023-01-29,IPIRANGA PRODUTOS DE PETRÓLEO S.A.,VERT COMPANHIA SECURITIZADORA,1ª,72ª,CRA022006N5,2032-01-15,"IPCA + 6,0053%",6.4619,6.1606,6.2954,0.12,1057.16291933,98.38,1507.98,15/08/2030,,IPCA +,6.0053,6,1
139,2023-01-29,JBS S.A.,VIRGO COMPANHIA DE SECURITIZACAO,2ª,98ª,CRA022002XM,2032-01-15,"IPCA + 5,9626%",7.2159,6.8129,6.9765,0.07,1006.52773298,94.45,1504.5,15/08/2030,,IPCA +,5.9626,6,1
138,2023-01-29,BLUEMACAW CATUAÍ TRIPLE A FUNDO DE INVESTIMENTO IMOBILIÁRIO,VIRGO COMPANHIA DE SECURITIZACAO,329ª,4ª,21I0931497,2031-01-15,"IPCA + 5,9193%",7.5531,6.5561,7.1637,0.23,1070.36102125,92.98,1562.21,15/08/2032,,IPCA +,5.9193,7,1
137,2023-01-29,NORSA REFRIGERANTES S.A.,VIRGO COMPANHIA DE SECURITIZACAO,2ª,95ª,CRA022002Y2,2029-01-15,"IPCA + 5,9169%",7.0012,6.5586,6.7069,0.24,1043.51123418,96.94,1052.05,15/08/2028,,IPCA +,5.9169,5,1
136,2023-01-29,CYRELA BRAZIL REALTY S.A.,OPEA SECURITIZADORA S/A,490ª,1ª,22D1289010,2027-01-15,"IPCA + 5,9068%",6.902,6.4919,6.6914,0.04,1064.72092445,97.7,794.08,15/05/2027,,IPCA +,5.9068,4,1
135,2023-01-29,BRF S.A.,VERT COMPANHIA SECURITIZADORA,2ª,1ª,CRA01600021,2023-01-18,"IPCA + 5,897%",8.9003,8.433,8.5748,0.05,1531.47914953,99.87,13.0,15/08/2024,,IPCA +,5.897,1,1
134,2023-01-29,JBS S.A.,VIRGO COMPANHIA DE SECURITIZACAO,1ª,59ª,CRA02100341,2031-01-15,"IPCA + 5,8673%",7.4437,7.0288,7.236,0.09,1055.11851203,92.97,1421.87,15/08/2030,,IPCA +,5.8673,6,1
133,2023-01-29,REDE D'OR SÃO LUIZ S.A.,OPEA SECURITIZADORA S/A,508ª,1ª,22D1289007,2029-01-15,"IPCA + 5,83%",6.9005,6.5139,6.6777,0.09,1036.17641806,96.34,1176.13,15/08/2028,,IPCA +,5.83,5,1
132,2023-01-29,Tereos Açúcar e Energia Brasil S.A.,VERT COMPANHIA SECURITIZADORA,2ª,18ª,CRA018004SD,2024-01-15,"IPCA + 5,8069%",8.5057,8.0954,8.2705,0.03,651.19556932,97.99,222.0,15/08/2024,5%,IPCA +,5.8069,1,1
131,2023-01-29,RAÍZEN ENERGIA S.A.,TRUE SECURITIZADORA S/A,2ª,10ª,CRA020001P8,2030-01-17,"IPCA + 5,8%",6.4373,6.0759,6.2387,0.09,1274.26863676,98.08,1176.26,15/08/2028,,IPCA +,5.8,5,1
130,2023-01-29,Ultra Som Serviços Médicos S.A.,VIRGO COMPANHIA DE SECURITIZACAO,378ª,4ª,21K0001812,2031-01-15,"IPCA + 5,7505%",7.4628,7.0165,7.3019,0.06,1038.80402375,91.6,1507.79,15/08/2030,45%,IPCA +,5.7505,6,1
129,2023-01-29,MINERVA S.A.,VIRGO COMPANHIA DE SECURITIZACAO,1ª,14ª,CRA020001E4,2025-01-15,"IPCA + 5,75%",7.6792,7.2137,7.4369,0.04,1247.76586001,98.54,233.94,15/08/2024,,IPCA +,5.75,1,1
128,2023-01-29,"VAMOS LOCAÇÃO DE CAMINHÕES, MÁQUINAS E EQUIPAMENTOS S.A.",ECO SECURITIZADORA DE DIREITOS CREDITÓRIOS DO AGRONEGÓCIO S.A.,1ª,81ª,CRA020003PY,2030-01-18,"IPCA + 5,7315%",7.2111,6.7967,7.0061,0.1,1161.88978612,94.08,1278.62,15/08/2030,,IPCA +,5.7315,6,1
127,2023-01-29,"VAMOS LOCAÇÃO DE CAMINHÕES, MÁQUINAS E EQUIPAMENTOS S.A.",ECO SECURITIZADORA DE DIREITOS CREDITÓRIOS DO AGRONEGÓCIO S.A.,1ª,54ª,CRA020001US,2027-01-15,"IPCA + 5,7%",7.3318,6.9061,7.1298,0.18,1258.63402001,96.93,582.47,15/08/2026,,IPCA +,5.7,3,1
126,2023-01-29,NORSA REFRIGERANTES S.A.,VIRGO COMPANHIA DE SECURITIZACAO,1ª,95ª,CRA022002Y1,2027-01-15,"IPCA + 5,685%",6.6587,6.2199,6.4477,0.06,1056.16287368,98.16,650.82,15/08/2026,,IPCA +,5.685,3,1
125,2023-01-29,BRF S.A.,VERT COMPANHIA SECURITIZADORA,2ª,46ª,CRA020002H1,2030-01-15,"IPCA + 5,6%",7.8247,7.3193,7.5559,0.04,1180.35196501,91.63,1192.7,15/08/2028,,IPCA +,5.6,5,1
124,2023-01-29,PETROBRAS DISTRIBUIDORA S.A.,CIBRASEC-COMPANHIA BRASILEIRA DE SECURITIZACAO,11ª,1ª,CRA018002XN,2025-01-15,"IPCA + 5,5914%",6.9525,6.4969,6.8108,0.09,1335.81131034,98.22,394.67,15/05/2025,,IPCA +,5.5914,2,1
123,2023-01-29,MINERVA S.A.,VIRGO COMPANHIA DE SECURITIZACAO,39ª,2ª,CRA021000RY,2031-01-15,"IPCA + 5,578%",7.4995,7.0254,7.2401,0.03,1096.68167368,91.95,1346.22,15/08/2030,,IPCA +,5.578,6,1
122,2023-01-29,REDE D'OR SÃO LUIZ S.A.,OPEA SECURITIZADORA S/A,396ª,1ª,21K0001806,2031-01-15,"IPCA + 5,5758%",7.0959,6.5444,6.8368,0.07,1063.80688129,93.42,1437.63,15/08/2030,,IPCA +,5.5758,6,1
121,2023-01-29,BRASKEM S.A.,ECO SECURITIZADORA DE DIREITOS CREDITÓRIOS DO AGRONEGÓCIO S.A.,1ª,124ª,CRA0210059T,2028-01-15,"IPCA + 5,5386%",7.2357,6.8244,7.0111,0.13,1063.23787821,94.15,1092.18,15/08/2028,,IPCA +,5.5386,5,1
119,2023-01-29,MINERVA S.A.,VIRGO COMPANHIA DE SECURITIZACAO,1ª,39ª,CRA021000RX,2028-01-17,"IPCA + 5,5034%",7.3969,6.9654,7.1865,0.04,1120.84216765,93.99,985.19,15/08/2028,,IPCA +,5.5034,4,1
118,2023-01-29,RAÍZEN ENERGIA S.A.,TRUE SECURITIZADORA S/A,1ª,10ª,CRA020001P7,2027-01-15,"IPCA + 5,4%",6.3784,5.9971,6.2121,0.06,1265.58229443,97.58,802.08,15/05/2027,,IPCA +,5.4,4,1
117,2023-01-29,PETROBRAS DISTRIBUIDORA S.A.,VIRGO COMPANHIA DE SECURITIZACAO,1ª,43ª,CRA021002NF,2031-01-15,"IPCA + 5,3995%",6.9798,6.5362,6.6871,0.11,1079.58885327,93.25,1445.02,15/08/2030,,IPCA +,5.3995,6,1
116,2023-01-29,BRF S.A.,VERT COMPANHIA SECURITIZADORA,1ª,46ª,CRA020002GZ,2027-01-15,"IPCA + 5,3%",7.7535,7.1727,7.466,0.02,1203.78281108,93.55,823.13,15/05/2027,,IPCA +,5.3,4,1
115,2023-01-29,MINERVA S.A.,VIRGO COMPANHIA DE SECURITIZACAO,1ª,15ª,CRA020001UR,2025-01-16,"IPCA + 5,3%",8.0085,7.5429,7.8005,0.17,1266.04350511,97.7,249.41,15/08/2024,5%,IPCA +,5.3,1,1
114,2023-01-29,COPERSUCAR S.A.,VIRGO COMPANHIA DE SECURITIZACAO,1ª,37ª,CRA021000SC,2028-01-15,"IPCA + 5,2893%",7.2525,6.798,6.9794,0.3,1120.67403892,95.07,797.8,15/05/2027,,IPCA +,5.2893,4,1
113,2023-01-29,SENDAS DISTRIBUIDORA S.A.,TRUE SECURITIZADORA S/A,429ª,1ª,21H1078700,2031-01-15,"IPCA + 5,2662%",7.3049,6.8395,7.0535,0.1,1028.43735978,90.74,1445.66,15/08/2030,,IPCA +,5.2662,6,1
112,2023-01-29,GJA INDÚSTRIAS S.A.,VIRGO COMPANHIA DE SECURITIZACAO,2ª,34ª,CRA02100130,2031-01-15,"IPCA + 5,2476%",7.8495,7.3144,7.3621,0.43,1050.10304499,89.65,1375.52,15/08/2030,,IPCA +,5.2476,6,1
111,2023-01-29,SENDAS DISTRIBUIDORA S.A.,TRUE SECURITIZADORA S/A,428ª,1ª,21H1078699,2028-01-16,"IPCA + 5,1531%",7.3007,6.828,7.076,0.03,1047.63422687,92.44,1089.28,15/08/2028,,IPCA +,5.1531,5,1
110,2023-01-29,JBS S.A.,VIRGO COMPANHIA DE SECURITIZACAO,2ª,28ª,CRA021000GU,2031-01-15,"IPCA + 5,1323%",7.2955,6.8962,7.0882,0.15,1079.54205546,90.47,1361.12,15/08/2030,,IPCA +,5.1323,6,1
109,2023-01-29,NEOMILLE S.A.,VIRGO COMPANHIA DE SECURITIZACAO,1ª,32ª,CRA021000M9,2026-01-16,"IPCA + 5,0097%",8.0334,7.5784,7.7387,0.06,1145.48722904,94.57,547.41,15/08/2026,,IPCA +,5.0097,3,1
108,2023-01-29,BEM BRASIL ALIMENTOS S.A.,ECO SECURITIZADORA DE DIREITOS CREDITÓRIOS DO AGRONEGÓCIO S.A.,1ª,48ª,CRA020002BF,2025-01-15,IPCA + 5%,8.3892,7.9371,8.1367,0.04,715.93397965,97.56,210.26,15/08/2024,,IPCA +,5.0,1,1
107,2023-01-29,REDE D'OR SÃO LUIZ S.A.,OPEA SECURITIZADORA S/A,324ª,1ª,21D0862572,2036-01-15,"IPCA + 4,9347%",7.1567,6.742,6.9036,0.15,1006.71032867,85.01,2167.94,15/05/2035,5%,IPCA +,4.9347,9,1
106,2023-01-29,TEREOS AÇÚCAR E ENERGIA BRASIL S.A.,VERT COMPANHIA SECURITIZADORA,1ª,52ª,CRA021000MF,2026-01-16,"IPCA + 4,9265%",8.4785,8.0528,8.3046,0.16,1172.49709549,96.17,307.8,15/05/2025,,IPCA +,4.9265,2,1
105,2023-01-29,GJA INDÚSTRIAS S.A.,VIRGO COMPANHIA DE SECURITIZACAO,1ª,34ª,CRA0210012Z,2028-01-15,"IPCA + 4,9221%",8.0504,7.738,7.9274,0.16,1057.53096266,90.29,907.97,15/05/2027,,IPCA +,4.9221,4,1
104,2023-01-29,JBS S.A.,VIRGO COMPANHIA DE SECURITIZACAO,1ª,28ª,CRA021000GT,2028-01-17,"IPCA + 4,9072%",7.1161,6.7398,6.9029,0.32,1107.14719121,92.81,995.88,15/08/2028,,IPCA +,4.9072,4,1
103,2023-01-29,DIRECIONAL ENGENHARIA S.A.,TRUE SECURITIZADORA S/A,371ª,1ª,21D0737500,2028-01-17,"IPCA + 4,8444%",7.3591,6.9518,7.1201,0.11,1109.86713865,93.57,776.67,15/05/2027,,IPCA +,4.8444,4,1
102,2023-01-29,IPIRANGA PRODUTOS DE PETRÓLEO S.A.,VERT COMPANHIA SECURITIZADORA,1ª,63ª,CRA021002SO,2028-01-15,"IPCA + 4,8287%",6.3461,5.9929,6.1481,0.06,1094.33351427,94.78,1079.04,15/08/2028,,IPCA +,4.8287,5,1
101,2023-01-29,COMPANHIA DE LOCAÇÃO DAS AMÉRICAS,ECO SECURITIZADORA DE DIREITOS CREDITÓRIOS DO AGRONEGÓCIO S.A.,1ª,104ª,CRA021001KB,2031-01-15,"IPCA + 4,825%",7.6526,6.962,7.3073,0.12,1038.057744,87.75,1394.65,15/08/2030,,IPCA +,4.825,6,1
100,2023-01-29,VALE DO TIJUCO AÇÚCAR E ÁLCOOL S.A.,ECO SECURITIZADORA DE DIREITOS CREDITÓRIOS DO AGRONEGÓCIO S.A.,1ª,69ª,CRA020003PQ,2026-01-16,"IPCA + 4,8%",7.8404,7.4675,7.6258,0.05,1164.37211145,95.07,476.39,15/05/2025,,IPCA +,4.8,2,1
99,2023-01-29,BRF S.A.,VERT COMPANHIA SECURITIZADORA,1ª,60ª,CRA0210013B,2031-01-15,"IPCA + 4,7843%",7.8962,7.431,7.6448,0.06,994.32730055,84.44,1567.7,15/08/2032,,IPCA +,4.7843,7,1
98,2023-01-29,RAÍZEN ENERGIA S.A.,OPEA SECURITIZADORA S/A,12ª,1ª,CRA017008SS,2024-01-16,"IPCA + 4,7588%",7.7004,6.6685,7.2865,0.44,1401.21778376,97.63,253.29,15/08/2024,,IPCA +,4.7588,2,1
97,2023-01-29,RAÍZEN ENERGIA S.A.,OPEA SECURITIZADORA S/A,7ª,1ª,CRA017001P6,2024-01-17,"IPCA + 4,7258%",7.3917,6.6917,6.9206,0.13,1421.95100777,99.22,95.0,15/08/2024,,IPCA +,4.7258,1,1
96,2023-01-29,JBS S.A.,OPEA SECURITIZADORA S/A,2ª,12ª,CRA020003KB,2030-01-18,"IPCA + 4,7218%",7.336,6.9968,7.232,0.18,1092.49181058,88.39,1304.34,15/08/2030,,IPCA +,4.7218,6,1
95,2023-01-29,REDE D'OR SÃO LUIZ S.A.,OPEA SECURITIZADORA S/A,189ª,1ª,18L1085826,2025-01-15,"IPCA + 4,6572%",7.3651,6.7884,6.9774,0.21,1321.26857993,95.88,482.71,15/05/2025,,IPCA +,4.6572,2,1
94,2023-01-29,ALIANSCE SONAE SHOPPING CENTERS S.A.,RB CAPITAL INVESTIMENTOS DTVM LTDA,347ª,1ª,21G0065100,2028-01-17,"IPCA + 4,6197%",7.1563,6.5762,6.6783,0.04,1075.80646441,92.22,1044.85,15/08/2028,,IPCA +,4.6197,5,1
93,2023-01-29,MARFRIG GLOBAL FOODS S.A.,OPEA SECURITIZADORA S/A,2ª,16ª,CRA021001VA,2031-01-15,"IPCA + 4,6%",7.5025,7.0236,7.2538,0.1,1021.85900888,86.87,1403.62,15/08/2030,,IPCA +,4.6,6,1
92,2023-01-29,KLABIN S.A.,VERT COMPANHIA SECURITIZADORA,2ª,26ª,CRA019001E7,2029-01-15,"IPCA + 4,5081%",6.2746,5.9203,6.1034,0.03,1261.12699631,94.34,966.03,15/08/2028,,IPCA +,4.5081,4,1
91,2023-01-29,MARFRIG GLOBAL FOODS S.A.,OPEA SECURITIZADORA S/A,1ª,16ª,CRA021001PQ,2028-01-15,"IPCA + 4,5%",7.3815,6.9657,7.1651,0.03,1059.45813711,90.09,1039.7,15/08/2028,,IPCA +,4.5,5,1
90,2023-01-29,MINERVA S.A.,VIRGO COMPANHIA DE SECURITIZACAO,1ª,8ª,CRA01900614,2024-01-16,"IPCA + 4,5%",8.1498,7.5616,7.7389,0.33,1286.86496056,96.97,253.82,15/08/2024,,IPCA +,4.5,2,1
89,2023-01-29,JBS S.A.,OPEA SECURITIZADORA S/A,5ª,2ª,CRA019005KC,2024-01-15,"IPCA + 4,5%",7.1524,6.7179,6.932,0.02,1267.19855264,98.02,219.23,15/08/2024,,IPCA +,4.5,1,1
88,2023-01-29,COLOMBO AGROINDÚSTRIA S.A.,ECO SECURITIZADORA DE DIREITOS CREDITÓRIOS DO AGRONEGÓCIO S.A.,1ª,82ª,CRA021000MB,2027-01-15,"IPCA + 4,4474%",6.8729,6.508,6.7047,0.08,1136.43647988,94.55,659.55,15/08/2026,,IPCA +,4.4474,3,1
87,2023-01-29,SÃO SALVADOR ALIMENTOS S.A.,VIRGO COMPANHIA DE SECURITIZACAO,1ª,17ª,CRA020003K0,2026-01-16,"IPCA + 4,4462%",8.3623,8.0133,8.1648,0.04,1153.09766087,93.57,476.07,15/05/2025,,IPCA +,4.4462,2,1
86,2023-01-29,IPIRANGA PRODUTOS DE PETRÓLEO S.A.,VERT COMPANHIA SECURITIZADORA,2ª,14ª,CRA017007ES,2024-01-25,"IPCA + 4,3358%",7.8073,7.1036,7.3429,0.29,1350.71679018,97.44,230.0,15/08/2024,,IPCA +,4.3358,1,1
85,2023-01-29,JBS S.A.,OPEA SECURITIZADORA S/A,1ª,12ª,CRA020003KA,2027-01-16,"IPCA + 4,2957%",7.206,6.6488,6.9363,0.36,1127.53519329,91.24,921.93,15/08/2028,,IPCA +,4.2957,4,1
84,2023-01-29,COCAL COMÉRCIO INDÚSTRIA CANAÃ AÇÚCAR E ÁLCOOL LTDA.,VIRGO COMPANHIA DE SECURITIZACAO,2ª,23ª,CRA02100002,2028-01-15,"IPCA + 4,2095%",7.8189,7.409,7.6014,0.12,1107.86663057,92.18,636.56,15/08/2026,,IPCA +,4.2095,3,1
83,2023-01-29,M. DIAS BRANCO S.A. INDÚSTRIA E COMÉRCIO DE ALIMENTOS,VIRGO COMPANHIA DE SECURITIZACAO,2ª,25ª,CRA021000MH,2031-01-15,"IPCA + 4,1369%",6.9432,6.5923,6.7614,0.14,1054.90966624,87.21,1376.11,15/08/2030,,IPCA +,4.1369,6,1
82,2023-01-29,RAÍZEN ENERGIA S.A.,OPEA SECURITIZADORA S/A,2ª,2ª,CRA019000GT,2026-01-16,"IPCA + 4,04%",6.2164,5.7552,6.055,0.13,1290.1253308,95.91,548.22,15/08/2026,10%,IPCA +,4.04,3,1
81,2023-01-29,M. DIAS BRANCO S.A. INDÚSTRIA E COMÉRCIO DE ALIMENTOS,VIRGO COMPANHIA DE SECURITIZACAO,1ª,25ª,CRA021000MG,2028-01-15,"IPCA + 3,7992%",6.878,6.4643,6.667,0.1,1085.27427766,89.77,994.55,15/08/2028,,IPCA +,3.7992,4,1
80,2023-01-29,RAÍZEN ENERGIA S.A.,TRUE SECURITIZADORA S/A,2ª,6ª,CRA019003V3,2029-01-16,"IPCA + 3,602%",6.4183,6.0755,6.2424,0.05,1173.34037319,89.85,1067.02,15/08/2028,,IPCA +,3.602,5,1
79,2023-01-29,KLABIN S.A.,VERT COMPANHIA SECURITIZADORA,1ª,30ª,CRA019003JY,2029-01-15,"IPCA + 3,5%",6.3251,6.0213,6.1685,0.11,1177.56233259,89.91,1047.87,15/08/2028,,IPCA +,3.5,5,1
78,2023-01-29,REDE D'OR SÃO LUIZ S.A.,OPEA SECURITIZADORA S/A,221ª,1ª,19H0262186,2029-01-15,"IPCA + 3,4465%",6.9776,6.4936,6.7463,0.05,1134.66278636,87.35,1078.88,15/08/2028,,IPCA +,3.4465,5,1
77,2023-01-29,USINA CORURIPE AÇÚCAR E ÁLCOOL S.A.,ECO SECURITIZADORA DE DIREITOS CREDITÓRIOS DO AGRONEGÓCIO S.A.,2ª,7ª,CRA0190020F,2025-01-15,DI + 9%,6.8533,5.62,6.2459,0.5,1046.55322544,103.91,378.21,,,CDI +,9.0,2,1
76,2023-01-29,FRIGOL S.A.,VIRGO COMPANHIA DE SECURITIZACAO,1ª,121ª,CRA0220073O,2027-01-16,"DI + 5,75%",5.42,4.962,5.1153,0.06,979.22924886,100.9,374.28,,,CDI +,5.75,2,1
75,2023-01-29,SOLUBIO TECNOLOGIAS AGRÍCOLAS S.A.,COMPANHIA PROVÍNCIA DE SECURITIZAÇÃO,1ª,2ª,CRA021004I1,2025-01-08,"DI + 5,4%",4.955,4.174,4.4441,0.15,705.11810061,100.84,231.85,,,CDI +,5.4,1,1
74,2023-01-29,MINERVA S.A.,VIRGO COMPANHIA DE SECURITIZACAO,2ª,14ª,CRA020001E5,2026-01-15,"DI + 5,4%",2.7229,2.3524,2.5774,0.08,1065.83150307,105.95,536.84,,,CDI +,5.4,3,1
73,2023-01-29,COCARI - COOPERATIVA AGROPECUÁRIA E INDUSTRIAL ,OPEA SECURITIZADORA S/A,4ª,23ª,CRA021005L1,2026-01-17,"DI + 5,35%",4.812,4.2183,4.4736,0.12,1015.8017744,101.11,333.87,,,CDI +,5.35,2,1
72,2023-01-29,FUTURA AGRONEGÓCIOS LTDA.,TRUE SECURITIZADORA S/A,1ª,32ª,CRA022006N6,2025-01-16,DI + 5%,4.36,3.6986,3.9949,0.18,1095.32180124,101.28,333.42,,,CDI +,5.0,2,1
71,2023-01-29,FIAGRIL LTDA.,OPEA SECURITIZADORA S/A,2ª,20ª,CRA021005M0,2026-01-23,DI + 5%,4.3966,3.75,4.0484,0.23,8110.35048047,101.22,336.47,,,CDI +,5.0,2,1
70,2023-01-29,BELAGRÍCOLA COMÉRCIO E REPRESENTAÇÕES DE PRODUTOS AGRÍCOLAS S.A.,VIRGO COMPANHIA DE SECURITIZACAO,1ª,48ª,CRA021002SU,2025-01-03,DI + 5%,3.7266,3.0181,3.4586,0.24,1025.46527022,101.35,229.05,,,CDI +,5.0,1,1
69,2023-01-29,SOLUBIO TECNOLOGIAS AGRÍCOLAS S.A.,ECO SECURITIZADORA DE DIREITOS CREDITÓRIOS DO AGRONEGÓCIO S.A.,1ª,203ª,CRA022008YH,2027-01-28,"DI + 4,75%",5.222,4.3328,4.5555,0.24,892.33831749,100.32,437.57,,,CDI +,4.75,2,1
68,2023-01-29,COOPERATIVA AGRÍCOLA DE UNAÍ LTDA.,ECO SECURITIZADORA DE DIREITOS CREDITÓRIOS DO AGRONEGÓCIO S.A.,1ª,225ª,CRA023006SH,2027-01-27,"DI + 4,7%",4.882,4.5416,4.6672,0.09,1001.83239358,100.06,433.11,,,CDI +,4.7,2,1
67,2023-01-29,USINAS ITAMARATI S.A.,VERT COMPANHIA SECURITIZADORA,1ª,80ª,CRA0230099D,2028-01-15,"DI + 4,5%",4.9237,4.2666,4.5953,0.18,1003.30393485,99.76,657.05,,,CDI +,4.5,3,1
66,2023-01-29,DACALDA - AÇÚCAR E ÁLCOOL LTDA.,OPEA SECURITIZADORA S/A,1ª,46ª,CRA02200AYH,2028-01-19,"DI + 4,25%",4.042,3.3284,3.6755,0.41,1015.56401126,101.18,535.15,,,CDI +,4.25,3,1
65,2023-01-29,AGROGALAXY PARTICIPAÇÕES S.A.,VERT COMPANHIA SECURITIZADORA,1ª,79ª,CRA022009KI,2027-01-17,"DI + 4,25%",6.744,4.765,4.9893,0.22,990.86163667,98.66,481.82,,,CDI +,4.25,2,1
64,2023-01-29,BELAGRÍCOLA COMÉRCIO E REPRESENTAÇÕES DE PRODUTOS AGRÍCOLAS S.A.,COMPANHIA PROVÍNCIA DE SECURITIZAÇÃO,1ª,4ª,CRA02200DKY,2028-01-31,"DI + 4,2%",4.258,3.7485,3.9857,0.02,1016.74591078,100.48,582.31,,5%,CDI +,4.2,3,1
63,2023-01-29,OLFAR S.A. - ALIMENTO E ENERGIA,VIRGO COMPANHIA DE SECURITIZACAO,1ª,158ª,CRA023003JX,2029-01-15,DI + 3%,3.324,2.8066,3.0412,0.09,1003.98948394,99.88,747.46,,,CDI +,3.0,3,1
62,2023-01-29,COOPERATIVA AGROPECUÁRIA TRADIÇÃO - COOPERTRADIÇÃO,ECO SECURITIZADORA DE DIREITOS CREDITÓRIOS DO AGRONEGÓCIO S.A.,1ª,213ª,CRA02200D4E,2026-01-15,DI + 3%,3.375,2.3,2.9005,0.0,905.84664227,100.13,343.17,,,CDI +,3.0,2,1
61,2023-01-29,USINA CORURIPE AÇÚCAR E ÁLCOOL S.A.,ECO SECURITIZADORA DE DIREITOS CREDITÓRIOS DO AGRONEGÓCIO S.A.,1ª,7ª,CRA0190020E,2025-01-15,DI + 3%,3.9966,3.3775,3.7115,0.01,483.13759042,99.45,203.53,,,CDI +,3.0,1,1
59,2023-01-29,CENTRAR CRESOL BASER,ECO SECURITIZADORA DE DIREITOS CREDITÓRIOS DO AGRONEGÓCIO S.A.,1ª,174ª,CRA0220099D,2027-01-15,"DI + 2,95%",2.678,2.2488,2.507,0.1,899.41877514,100.71,416.09,,,CDI +,2.95,2,1
58,2023-01-29,FS INDÚSTRIA DE BIOCOMBUSTÍVEIS LTDA.,ECO SECURITIZADORA DE DIREITOS CREDITÓRIOS DO AGRONEGÓCIO S.A.,1ª,243ª,CRA02300795,2029-01-15,"DI + 2,9%",3.1175,2.7028,2.7282,0.03,1012.1182375,100.7,1043.29,,,CDI +,2.9,5,1
57,2023-01-29,AÇO VERDE DO BRASIL S.A.,VIRGO COMPANHIA DE SECURITIZACAO,1ª,33ª,CRA021000S9,2025-01-15,"DI + 2,5%",2.0342,1.5719,1.8096,0.15,510.95596707,100.48,177.89,,,CDI +,2.5,1,1
56,2023-01-29,AÇUCAREIRA QUATÁ S.A.,TRUE SECURITIZADORA S/A,1ª,3ª,CRA019005Q0,2024-01-15,"DI + 2,5%",1.3425,0.9866,1.1556,0.04,292.94732054,100.82,153.61,,,CDI +,2.5,1,1
54,2023-01-29,GDM GENÉTICA DO BRASIL S.A.,VIRGO COMPANHIA DE SECURITIZACAO,1ª,51ª,CRA021001KA,2026-01-21,"DI + 2,1%",1.935,1.4133,1.643,0.15,1072.21020644,100.6,334.4,,,CDI +,2.1,2,1
53,2023-01-29,VICUNHA TÊXTIL S.A.,VIRGO COMPANHIA DE SECURITIZACAO,2ª,123ª,CRA022008C2,2027-01-16,DI + 2%,2.71,2.266,2.4025,0.1,1030.05223464,98.97,664.57,,,CDI +,2.0,3,1
50,2023-01-29,J. MACÊDO S.A.,VIRGO COMPANHIA DE SECURITIZACAO,1ª,166ª,CRA0230073L,2028-01-17,"DI + 1,65%",2.2,1.598,1.9413,0.16,1007.9622913,99.21,700.2,,,CDI +,1.65,3,1
49,2023-01-29,ÂNIMA HOLDING S.A.,VIRGO COMPANHIA DE SECURITIZACAO,1ª,76ª,22L1465644,2027-01-15,"DI + 1,65%",2.7333,1.9333,2.1211,0.03,989.80633452,98.52,813.91,,,CDI +,1.65,4,1
48,2023-01-29,NEOMILLE S.A.,ECO SECURITIZADORA DE DIREITOS CREDITÓRIOS DO AGRONEGÓCIO S.A.,1ª,206ª,CRA0220080Y,2028-01-03,"DI + 1,5%",2.106,1.7125,1.8606,0.13,1087.35556206,99.33,481.04,,,CDI +,1.5,2,1
47,2023-01-29,FS AGRISOLUTIONS INDÚSTRIA DE BIOCOMBUSTÍVEIS LTDA.,ECO SECURITIZADORA DE DIREITOS CREDITÓRIOS DO AGRONEGÓCIO S.A.,1ª,167ª,CRA022004SC,2026-01-15,"DI + 1,5%",2.6015,2.1427,2.3714,0.05,989.52112803,98.5,448.54,,,CDI +,1.5,2,1
46,2023-01-29,LINS AGROINDUSTRIAL S.A.,VIRGO COMPANHIA DE SECURITIZACAO,1ª,107ª,CRA022002MH,2028-01-20,"DI + 1,5%",2.1,1.85,1.9483,0.04,988.66602746,98.51,856.0,,,CDI +,1.5,4,1
45,2023-01-29,FS AGRISOLUTIONS INDÚSTRIA DE BIOCOMBUSTÍVEIS LTDA.,ECO SECURITIZADORA DE DIREITOS CREDITÓRIOS DO AGRONEGÓCIO S.A.,1ª,140ª,CRA022001E1,2026-01-18,"DI + 1,5%",2.4728,2.056,2.3281,0.11,1026.38873305,98.76,387.32,,,CDI +,1.5,2,1
44,2023-01-29,SMARTFIT ESCOLA DE GINÁSTICA E DANÇA S.A.,VIRGO COMPANHIA DE SECURITIZACAO,1ª,56ª,22J0344557,2029-01-15,"DI + 1,5%",1.7075,1.306,1.4915,0.1,1016.23733612,100.04,950.97,,,CDI +,1.5,4,1
43,2023-01-29,HAVAN S.A.,OPEA SECURITIZADORA S/A,463ª,1ª,22C1235206,2027-01-27,"DI + 1,5%",2.128,1.6083,1.8881,0.26,990.27945701,98.93,713.59,,,CDI +,1.5,3,1
42,2023-01-29,INTEGRADA COOPERATIVA AGROINDUSTRIAL,ECO SECURITIZADORA DE DIREITOS CREDITÓRIOS DO AGRONEGÓCIO S.A.,1ª,224ª,CRA023002GX,2028-01-15,"DI + 1,4%",2.745,1.8,2.2941,0.12,1058.5185771,98.24,509.66,,,CDI +,1.4,3,1
41,2023-01-29,LOCALIZA RENT A CAR S.A.,VIRGO COMPANHIA DE SECURITIZACAO,2ª,89ª,23C0247702,2030-01-11,"DI + 1,4%",1.5866,1.132,1.276,0.18,1034.42361077,100.55,1133.42,,35%,CDI +,1.4,5,1
40,2023-01-29,BRF S.A.,VERT COMPANHIA SECURITIZADORA,1ª,78ª,CRA0220079B,2027-01-15,"DI + 1,25%",2.0,1.56,1.7789,0.12,1034.79160517,98.49,735.54,,,CDI +,1.25,3,1
39,2023-01-29,MARFRIG GLOBAL FOODS S.A.,ECO SECURITIZADORA DE DIREITOS CREDITÓRIOS DO AGRONEGÓCIO S.A.,1ª,153ª,CRA022000XD,2026-01-15,"DI + 1,25%",1.8961,1.3186,1.527,0.26,1045.26845419,99.49,469.14,,,CDI +,1.25,2,1
38,2023-01-29,ONCOCLÍNICAS DO BRASIL SERVIÇOS MÉDICOS S.A.,TRUE SECURITIZADORA S/A,1ª,54ª,22E1338401,2027-01-16,"DI + 1,25%",1.6625,1.4875,1.624,0.09,1027.08313623,98.9,759.44,,,CDI +,1.25,4,1
37,2023-01-29,"VAMOS LOCAÇÃO DE CAMINHÕES, MÁQUINAS E EQUIPAMENTOS S.A.",ECO SECURITIZADORA DE DIREITOS CREDITÓRIOS DO AGRONEGÓCIO S.A.,2ª,233ª,CRA023000MC,2030-01-15,"DI + 1,2%",1.6625,1.39,1.5442,0.07,1093.69096315,97.95,1538.0,,,CDI +,1.2,7,1
36,2023-01-29,ALIANSCE SONAE SHOPPING CENTERS S.A.,OPEA SECURITIZADORA S/A,2ª,134ª,23B0587522,2030-01-18,"DI + 1,2%",1.7033,1.22,1.4566,0.02,993.26519941,98.93,1072.83,,,CDI +,1.2,5,1
35,2023-01-29,RAIA DROGASIL S.A.,TRUE SECURITIZADORA S/A,3ª,208ª,23H1191899,2030-01-16,"DI + 1,1%",1.2166,1.0333,1.075,0.16,1027.23787064,100.12,1145.37,,,CDI +,1.1,5,1
33,2023-01-29,SÃO SALVADOR ALIMENTOS S.A.,ECO SECURITIZADORA DE DIREITOS CREDITÓRIOS DO AGRONEGÓCIO S.A.,1ª,173ª,CRA022006HJ,2027-01-15,DI + 1%,2.0033,1.662,1.8185,0.09,1025.14677474,97.66,737.89,,,CDI +,1.0,3,1
32,2023-01-29,CERRADINHO BIOENERGIA S.A.,CERRADINHO BIOENERGIA S.A.,1ª,25ª,CRA019002MM,2024-01-16,DI + 1%,1.6566,1.25,1.4285,0.11,200.41213785,99.81,115.0,,,CDI +,1.0,1,1
30,2023-01-29,LOCALIZA RENT A CAR S.A.,VIRGO COMPANHIA DE SECURITIZACAO,1ª,22ª,22F0315398,2027-01-07,"DI + 0,95%",1.383,1.0789,1.143,0.19,1060.3839336,99.46,709.97,,45%,CDI +,0.95,3,1
29,2023-01-29,CAMIL ALIMENTOS S.A.,ECO SECURITIZADORA DE DIREITOS CREDITÓRIOS DO AGRONEGÓCIO S.A.,1ª,257ª,CRA02300B9L,2025-01-29,"DI + 0,9%",1.2575,0.8,1.0655,0.07,1052.97386147,99.7,458.47,,,CDI +,0.9,2,1
28,2023-01-29,"VAMOS LOCAÇÃO DE CAMINHÕES, MÁQUINAS E EQUIPAMENTOS S.A.",ECO SECURITIZADORA DE DIREITOS CREDITÓRIOS DO AGRONEGÓCIO S.A.,1ª,233ª,CRA023000GP,2028-01-17,"DI + 0,9%",1.8,1.324,1.4605,0.1,1030.43015873,98.21,822.41,,,CDI +,0.9,4,1
27,2023-01-29,"VAMOS LOCAÇÃO DE CAMINHÕES, MÁQUINAS E EQUIPAMENTOS S.A.",VERT COMPANHIA SECURITIZADORA,1ª,21ª,CRA019000GP,2024-01-15,"DI + 0,9%",0.9659,0.5992,0.798,0.04,55.80639498,100.02,52.0,,,CDI +,0.9,1,1
25,2023-01-29,NATURA COSMÉTICOS S.A.,VIRGO COMPANHIA DE SECURITIZACAO,1ª,54ª,22I0970801,2027-01-15,"DI + 0,8%",1.4166,0.95,1.1625,0.05,1013.89936847,98.88,788.44,,,CDI +,0.8,4,1
24,2023-01-29,BCBF PARTICIPAÇÕES S.A.,VIRGO COMPANHIA DE SECURITIZACAO,1ª,62ª,22K0934871,2027-01-15,"DI + 0,75%",1.8475,1.3733,1.5669,0.16,1034.25959836,97.47,799.11,,,CDI +,0.75,4,1
23,2023-01-29,RAIA DROGASIL S.A.,TRUE SECURITIZADORA S/A,1ª,31ª,22F0230096,2029-01-26,"DI + 0,75%",1.3066,0.9866,1.1871,0.11,1040.00521711,98.37,954.57,,,CDI +,0.75,4,1
22,2023-01-29,HYPERA S.A.,TRUE SECURITIZADORA S/A,1ª,59ª,22E1325261,2027-01-16,"DI + 0,75%",1.4236,1.0177,1.2741,0.16,1020.86222343,98.44,765.63,,10%,CDI +,0.75,4,1
20,2023-01-29,ATACADÃO S.A.,VERT COMPANHIA SECURITIZADORA,2ª,76ª,CRA022008SY,2027-01-16,"DI + 0,6%",1.48,1.0533,1.2429,0.1,1016.66509287,98.08,767.31,,,CDI +,0.6,4,1
19,2023-01-29,ATACADÃO S.A.,VERT COMPANHIA SECURITIZADORA,1ª,76ª,CRA022008SS,2026-01-17,"DI + 0,55%",1.39,0.9916,1.2241,0.16,1020.340787,98.45,590.59,,,CDI +,0.55,3,1
18,2023-01-29,CYRELA BRAZIL REALTY S.A.,OPEA SECURITIZADORA S/A,489ª,1ª,22D1289009,2027-01-15,"DI + 0,4%",1.5865,1.1649,1.4005,0.03,1029.80675569,97.2,721.53,,,CDI +,0.4,3,1
17,2023-01-29,SÃO MARTINHO S.A.,VERT COMPANHIA SECURITIZADORA,1ª,24ª,CRA019000RT,2026-01-15,"98,5% do DI",103.3773,99.4509,101.7559,0.44,1072.27025119,99.47,421.66,,,Pós - DI,98.5,2,1
16,2023-01-29,RAIA DROGASIL S.A.,VERT COMPANHIA SECURITIZADORA,1ª,4ª,19C0000001,2026-01-13,"98,5% do DI",104.835,99.2,102.1719,2.21,1018.38001588,99.42,411.35,,,Pós - DI,98.5,2,1
15,2023-01-29,KLABIN S.A.,VERT COMPANHIA SECURITIZADORA,1ª,26ª,CRA019001E6,2026-01-16,98% do DI,104.23,100.075,101.4587,1.66,1016.22309636,99.32,519.61,,,Pós - DI,98.0,3,1
14,2023-01-29,IPIRANGA PRODUTOS DE PETRÓLEO S.A.,VERT COMPANHIA SECURITIZADORA,1ª,20ª,CRA01800590,2023-01-18,"97,5% do DI",100.781,97.7453,99.4211,0.13,1055.42053891,99.99,13.0,,,Pós - DI,97.5,1,1
13,2023-01-29,KLABIN S.A.,ECO SECURITIZADORA DE DIREITOS CREDITÓRIOS DO AGRONEGÓCIO S.A.,135ª,1ª,CRA017009KJ,2023-01-20,"97,5% do DI",101.9819,97.6516,99.6392,0.57,1054.3430572,99.99,15.0,,,Pós - DI,97.5,1,1
12,2023-01-29,RAÍZEN COMBUSTÍVEIS,OPEA SECURITIZADORA S/A,11ª,1ª,CRA017008SR,2023-01-15,97% do DI,101.6321,97.7538,100.0682,0.32,1055.65477908,99.99,12.0,,,Pós - DI,97.0,1,1
11,2023-01-29,SOCIEDADE BENEFICIENTE ISRAELITA BRASILEIRA HOSPITAL ALBERT EINSTEN,TRUE SECURITIZADORA S/A,103ª,1ª,18H0014828,2025-01-15,97% do DI,103.6752,97.5752,100.8312,2.86,515.14874084,99.66,226.44,,,Pós - DI,97.0,1,1
10,2023-01-29,REDE D'OR SÃO LUIZ S.A.,OPEA SECURITIZADORA S/A,188ª,1ª,18L1085825,2023-01-15,"96,5% do DI",101.8005,97.9291,100.1835,0.36,1055.19979555,99.98,12.0,,,Pós - DI,96.5,1,1
9,2023-01-29,RAÍZEN ENERGIA S.A.,OPEA SECURITIZADORA S/A,1ª,2ª,CRA019000GS,2025-01-17,96% do DI,102.7421,98.7672,100.8551,1.06,1016.9017586,99.42,307.42,,,Pós - DI,96.0,2,1
8,2023-01-29,IGUATEMI EMPRESA DE SHOPPING CENTERS S.A. ,OPEA SECURITIZADORA S/A,159ª,1ª,17I0000201,2024-01-18,96% do DI,103.0775,98.062,100.9375,2.08,508.97480493,99.62,196.41,,,Pós - DI,96.0,1,1
6,2023-01-29,DIRECIONAL ENGENHARIA S.A.,TRUE SECURITIZADORA S/A,193ª,1ª,19G0269138,2025-01-04,104% do DI,106.5283,100.6428,103.8394,0.65,701.85939412,100.01,195.64,,,Pós - DI,104.0,1,1
5,2023-01-29,KLABIN S.A.,TRUE SECURITIZADORA S/A,23ª,1ª,CRA0180040H,2025-01-21,102% do DI,103.6242,98.5339,101.3959,0.44,1046.31342621,100.06,268.06,,,Pós - DI,102.0,2,1
4,2023-01-29,CAMIL ALIMENTOS S.A.,ECO SECURITIZADORA DE DIREITOS CREDITÓRIOS DO AGRONEGÓCIO S.A.,2ª,5ª,CRA01900133,2025-01-16,101% do DI,102.6064,98.7098,100.5291,1.33,1014.29134315,100.06,328.92,,,Pós - DI,101.0,2,1
3,2023-01-29,MRV ENGENHARIA E PARTICIPAÇÕES S.A.,VERT COMPANHIA SECURITIZADORA,1ª,7ª,19E0967202,2024-01-28,"100,4% do DI",105.23,100.8166,102.2707,1.31,999.49442425,99.9,123.0,,,Pós - DI,100.4,1,1
2,2023-01-29,RAÍZEN ENERGIA S.A.,TRUE SECURITIZADORA S/A,1ª,6ª,CRA019003V2,2029-01-16,100% do DI,105.0932,99.4905,102.7895,1.55,1035.47263296,99.01,911.07,,,Pós - DI,100.0,4,1
1,2023-01-29,PETROBRAS DISTRIBUIDORA S.A.,CIBRASEC-COMPANHIA BRASILEIRA DE SECURITIZACAO,10ª,1ª,CRA018002XM,2024-01-15,100% do DI,102.248,97.1376,100.1961,1.62,1045.7361107,99.99,148.89,,,Pós - DI,100.0,1,1
0,2023-01-29,CYRELA BRAZIL REALTY S.A.,OPEA SECURITIZADORA S/A,212ª,1ª,19G0000001,2024-01-17,100% do DI,101.6886,98.4416,99.6317,0.95,522.47446562,100.02,91.96,,,Pós - DI,100.0,1,1
